{
  "project_info": {
    "project_number": "693874372990",
    "firebase_url": "https://inspirers-1491300912148.firebaseio.com",
    "project_id": "inspirers-1491300912148",
    "storage_bucket": "inspirers-1491300912148.appspot.com"
  },
  "client": [
    {
      "client_info": {
        "mobilesdk_app_id": "1:693874372990:android:2cfbc43bc158381f",
        "android_client_info": {
          "package_name": "com.bloomidea.inspirers"
        }
      },
      "oauth_client": [
        {
          "client_id": "693874372990-63uuq0tmvp3moff14grtit7e93cmhsgm.apps.googleusercontent.com",
          "client_type": 3
        }
      ],
      "api_key": [
        {
          "current_key": "AIzaSyCgXv7XJfH-LVsI1P0oJNO-WIByE15FN-s"
        }
      ],
      "services": {
        "analytics_service": {
          "status": 1
        },
        "appinvite_service": {
          "status": 1,
          "other_platform_oauth_client": []
        },
        "ads_service": {
          "status": 2
        }
      }
    }
  ],
  "configuration_version": "1"
}